image,title
horoscopes/IMAGE 2023-12-27 14:18:02.jpg,Овен
horoscopes/IMAGE 2023-12-27 14:18:15.jpg,Телец
horoscopes/IMAGE 2023-12-27 14:18:20.jpg,Близнецы
horoscopes/IMAGE 2023-12-27 14:18:25.jpg,Рак
horoscopes/IMAGE 2023-12-27 14:18:27.jpg,Лев
horoscopes/IMAGE 2023-12-27 14:18:28.jpg,Дева
horoscopes/IMAGE 2023-12-27 14:21:49.jpg,Весы
horoscopes/IMAGE 2023-12-27 14:21:51.jpg,Стрелец
horoscopes/IMAGE 2023-12-27 14:21:53.jpg,Скорпион
horoscopes/IMAGE 2023-12-27 14:22:03.jpg,Козерог
horoscopes/IMAGE 2023-12-27 14:22:05.jpg,Водолей
horoscopes/IMAGE 2023-12-27 14:22:07.jpg,Рыбы
horoscopes/IMAGE 2023-12-27 14:22:09.jpg,Овен
horoscopes/IMAGE 2023-12-27 14:22:15.jpg,Телец
horoscopes/IMAGE 2023-12-27 14:22:17.jpg,Близнецы
horoscopes/IMAGE 2023-12-27 14:22:20.jpg,Овен
horoscopes/IMAGE 2023-12-27 14:22:22.jpg,Телец
horoscopes/IMAGE 2023-12-27 14:22:25.jpg,Близнецы
horoscopes/IMAGE 2023-12-27 14:22:28.jpg,Рак
horoscopes/IMAGE 2023-12-27 14:22:31.jpg,Лев
horoscopes/IMAGE 2023-12-27 14:22:35.jpg,Дева
horoscopes/IMAGE 2023-12-27 14:22:37.jpg,Весы
horoscopes/IMAGE 2023-12-27 14:22:39.jpg,Скорпион
horoscopes/IMAGE 2023-12-27 14:22:41.jpg,Стрелец
horoscopes/IMAGE 2023-12-27 14:22:44.jpg,Козерог
horoscopes/IMAGE 2023-12-27 14:22:47.jpg,Водолей
horoscopes/IMAGE 2023-12-27 14:22:49.jpg,Рыбы
horoscopes/IMAGE 2023-12-27 14:22:53.jpg,Овен
horoscopes/IMAGE 2023-12-27 14:22:55.jpg,Телец
horoscopes/IMAGE 2023-12-27 14:22:57.jpg,Близнецы
horoscopes/IMAGE 2023-12-27 14:22:59.jpg,Рак
horoscopes/IMAGE 2023-12-27 14:23:01.jpg,Лев
horoscopes/IMAGE 2023-12-27 14:23:03.jpg,Дева
horoscopes/IMAGE 2023-12-27 14:23:06.jpg,Весы
horoscopes/IMAGE 2023-12-27 14:23:09.jpg,Скорпион
horoscopes/IMAGE 2023-12-27 14:23:11.jpg,Стрелец
horoscopes/IMAGE 2023-12-27 14:23:13.jpg,Козерог
horoscopes/IMAGE 2023-12-27 14:23:16.jpg,Водолей
horoscopes/IMAGE 2023-12-27 14:23:18.jpg,Рыбы
horoscopes/IMAGE 2023-12-27 14:23:21.jpg,Овен
horoscopes/IMAGE 2023-12-27 14:23:23.jpg,Телец
horoscopes/IMAGE 2023-12-27 14:23:26.jpg,Близнецы
horoscopes/IMAGE 2023-12-27 14:23:29.jpg,Рак
horoscopes/IMAGE 2023-12-27 14:23:31.jpg,Лев
horoscopes/IMAGE 2023-12-27 14:23:33.jpg,Дева
horoscopes/IMAGE 2023-12-27 14:23:35.jpg,Весы
horoscopes/IMAGE 2023-12-27 14:23:37.jpg,Скорпион
horoscopes/IMAGE 2023-12-27 14:23:39.jpg,Скорпион
horoscopes/IMAGE 2023-12-27 14:23:41.jpg,Козерог
horoscopes/IMAGE 2023-12-27 14:23:43.jpg,Водолей
horoscopes/IMAGE 2023-12-27 14:23:45.jpg,Рыбы
horoscopes/IMAGE 2023-12-27 14:23:47.jpg,Овен
horoscopes/IMAGE 2023-12-27 14:23:48.jpg,Телец
horoscopes/IMAGE 2023-12-27 14:23:52.jpg,Близнецы
horoscopes/IMAGE 2023-12-27 14:23:54.jpg,Рак
horoscopes/IMAGE 2023-12-27 14:23:56.jpg,Лев
horoscopes/IMAGE 2023-12-27 14:23:59.jpg,Дева
horoscopes/IMAGE 2023-12-27 14:24:02.jpg,Весы
horoscopes/IMAGE 2023-12-27 14:24:05.jpg,Скорпион
horoscopes/IMAGE 2023-12-27 14:24:07.jpg,Стрелец
horoscopes/IMAGE 2023-12-27 14:24:09.jpg,Козерог
horoscopes/IMAGE 2023-12-27 14:24:11.jpg,Водолей
horoscopes/IMAGE 2023-12-27 14:24:13.jpg,Рыбы
horoscopes/IMAGE 2023-12-27 14:24:16.jpg,Овен
horoscopes/IMAGE 2023-12-27 14:24:18.jpg,Телец
horoscopes/IMAGE 2023-12-27 14:24:20.jpg,Близнецы
horoscopes/IMAGE 2023-12-27 14:24:22.jpg,Рак
horoscopes/IMAGE 2023-12-27 14:24:26.jpg,Лев
horoscopes/IMAGE 2023-12-27 14:24:29.jpg,Дева
horoscopes/IMAGE 2023-12-27 14:24:32.jpg,Весы
horoscopes/IMAGE 2023-12-27 14:24:34.jpg,Скорпион
horoscopes/IMAGE 2023-12-27 14:24:36.jpg,Стрелец
horoscopes/IMAGE 2023-12-27 14:24:38.jpg,Козерог
horoscopes/IMAGE 2023-12-27 14:24:40.jpg,Водолей
horoscopes/IMAGE 2023-12-27 14:24:42.jpg,Рыбы
horoscopes/IMAGE 2023-12-27 14:24:44.jpg,Овен
horoscopes/IMAGE 2023-12-27 14:24:46.jpg,Телец
horoscopes/IMAGE 2023-12-27 14:24:49.jpg,Близнецы
horoscopes/IMAGE 2023-12-27 14:24:51.jpg,Рак
horoscopes/IMAGE 2023-12-27 14:24:53.jpg,Лев
horoscopes/IMAGE 2023-12-27 14:24:56.jpg,Дева
horoscopes/IMAGE 2023-12-27 14:24:58.jpg,Весы
horoscopes/IMAGE 2023-12-27 14:25:00.jpg,Скорпион
horoscopes/IMAGE 2023-12-27 14:25:02.jpg,Стрелец
horoscopes/IMAGE 2023-12-27 14:25:04.jpg,Козерог
horoscopes/IMAGE 2023-12-27 14:25:06.jpg,Водолей
horoscopes/IMAGE 2023-12-27 14:25:08.jpg,Рыбы
horoscopes/IMAGE 2023-12-27 14:25:10.jpg,Овен
horoscopes/IMAGE 2023-12-27 14:25:12.jpg,Телец
horoscopes/IMAGE 2023-12-27 14:25:14.jpg,Близнецы
horoscopes/IMAGE 2023-12-27 14:25:16.jpg,Рак
horoscopes/IMAGE 2023-12-27 14:25:19.jpg,Лев
horoscopes/IMAGE 2023-12-27 14:25:21.jpg,Дева
horoscopes/IMAGE 2023-12-27 14:25:25.jpg,Весы
horoscopes/IMAGE 2023-12-27 14:25:27.jpg,Скорпион
horoscopes/IMAGE 2023-12-27 14:25:30.jpg,Стрелец
horoscopes/IMAGE 2023-12-27 14:25:32.jpg,Козерог
horoscopes/IMAGE 2023-12-27 14:25:34.jpg,Водолей
horoscopes/IMAGE 2023-12-27 14:25:38.jpg,Рыбы
horoscopes/IMAGE 2023-12-27 14:25:40.jpg,Овен
horoscopes/IMAGE 2023-12-27 14:25:44.jpg,Телец
horoscopes/IMAGE 2023-12-27 14:25:49.jpg,Близнецы
horoscopes/IMAGE 2023-12-27 14:25:51.jpg,Рак
horoscopes/IMAGE 2023-12-27 14:25:53.jpg,Лев
horoscopes/IMAGE 2023-12-27 14:25:56.jpg,Дева
horoscopes/IMAGE 2023-12-27 14:25:59.jpg,Весы
horoscopes/IMAGE 2023-12-27 14:26:01.jpg,Скорпион
horoscopes/IMAGE 2023-12-27 14:26:03.jpg,Стрелец
horoscopes/IMAGE 2023-12-27 14:26:05.jpg,Козерог
horoscopes/IMAGE 2023-12-27 14:26:08.jpg,Водолей
horoscopes/IMAGE 2023-12-27 14:26:10.jpg,Рыбы
horoscopes/IMAGE 2023-12-27 14:26:12.jpg,Овен
horoscopes/IMAGE 2023-12-27 14:26:15.jpg,Телец
horoscopes/IMAGE 2023-12-27 14:26:17.jpg,Близнецы
horoscopes/IMAGE 2023-12-27 14:26:19.jpg,Рак
horoscopes/IMAGE 2023-12-27 14:26:21.jpg,Лев
horoscopes/IMAGE 2023-12-27 14:26:24.jpg,Дева
horoscopes/IMAGE 2023-12-27 14:26:30.jpg,Весы
horoscopes/IMAGE 2023-12-27 14:26:34.jpg,Скорпион
horoscopes/IMAGE 2023-12-27 14:26:36.jpg,Стрелец
horoscopes/IMAGE 2023-12-27 14:26:38.jpg,Козерог
horoscopes/IMAGE 2023-12-27 14:26:41.jpg,Водолей
horoscopes/IMAGE 2023-12-27 14:26:44.jpg,Рыбы
horoscopes/IMAGE 2023-12-27 14:26:46.jpg,Овен
horoscopes/IMAGE 2023-12-27 14:26:48.jpg,Телец
horoscopes/IMAGE 2023-12-27 14:26:51.jpg,Близнецы
horoscopes/IMAGE 2023-12-27 14:26:53.jpg,Рак
horoscopes/IMAGE 2023-12-27 14:26:57.jpg,Лев
horoscopes/IMAGE 2023-12-27 14:26:59.jpg,Дева
horoscopes/IMAGE 2023-12-27 14:27:01.jpg,Весы
horoscopes/IMAGE 2023-12-27 14:27:03.jpg,Скорпион
horoscopes/IMAGE 2023-12-27 14:27:05.jpg,Стрелец
horoscopes/IMAGE 2023-12-27 14:27:07.jpg,Козерог
horoscopes/IMAGE 2023-12-27 14:27:09.jpg,Водолей
horoscopes/IMAGE 2023-12-27 14:27:10.jpg,Рыбы